YesNo,Gender
Yes,M
Yes,M
Yes,M
Yes,M
Yes,M
Yes,M
Yes,M
Yes,M
Yes,M
Yes,M
Yes,M
Yes,M
Yes,M
Yes,M
Yes,M
Yes,M
Yes,M
Yes,M
Yes,M
Yes,M
Yes,M
Yes,M
Yes,M
Yes,M
Yes,M
Yes,M
Yes,M
Yes,M
Yes,M
Yes,M
Yes,M
Yes,M
Yes,M
Yes,M
Yes,M
Yes,M
Yes,M
Yes,M
Yes,M
Yes,M
Yes,M
Yes,M
Yes,M
Yes,M
Yes,M
Yes,M
Yes,M
Yes,M
Yes,M
Yes,M
Yes,M
Yes,M
Yes,M
Yes,M
Yes,M
Yes,M
Yes,M
Yes,M
Yes,M
Yes,M
Yes,M
Yes,M
Yes,M
Yes,M
Yes,M
Yes,M
Yes,M
Yes,M
Yes,M
Yes,M
Yes,M
Yes,M
Yes,M
Yes,M
Yes,M
Yes,M
Yes,M
Yes,M
Yes,M
Yes,M
Yes,M
Yes,M
Yes,M
Yes,M
Yes,M
Yes,M
Yes,M
Yes,M
Yes,M
Yes,M
Yes,M
Yes,M
Yes,M
Yes,M
Yes,M
Yes,M
Yes,M
Yes,M
Yes,M
Yes,M
Yes,M
Yes,M
Yes,M
Yes,M
Yes,M
Yes,M
Yes,M
Yes,M
Yes,M
Yes,M
Yes,M
Yes,M
Yes,M
Yes,M
Yes,M
Yes,M
Yes,M
Yes,M
Yes,M
Yes,M
Yes,M
Yes,M
Yes,M
Yes,M
Yes,M
Yes,M
Yes,M
Yes,M
Yes,M
Yes,M
Yes,M
Yes,M
Yes,M
Yes,M
Yes,M
Yes,M
Yes,M
Yes,M
Yes,M
Yes,M
Yes,M
Yes,M
Yes,M
Yes,M
Yes,M
Yes,M
Yes,M
Yes,M
Yes,M
Yes,M
Yes,M
Yes,M
Yes,M
Yes,M
Yes,M
Yes,M
Yes,M
Yes,M
Yes,M
Yes,M
Yes,M
Yes,M
Yes,M
Yes,M
Yes,M
Yes,M
Yes,M
Yes,M
Yes,M
Yes,M
Yes,M
Yes,M
Yes,M
Yes,M
Yes,M
Yes,M
Yes,M
Yes,M
Yes,M
Yes,M
Yes,M
Yes,M
Yes,M
Yes,M
Yes,M
Yes,M
Yes,M
Yes,M
Yes,M
Yes,M
Yes,M
Yes,M
Yes,M
Yes,M
Yes,M
Yes,M
Yes,M
Yes,M
Yes,M
Yes,M
Yes,M
Yes,M
Yes,M
Yes,M
Yes,M
Yes,M
Yes,M
Yes,M
Yes,M
Yes,M
Yes,M
Yes,M
Yes,M
Yes,M
Yes,M
Yes,M
Yes,M
Yes,M
Yes,M
Yes,M
Yes,F
Yes,F
Yes,F
Yes,F
Yes,F
Yes,F
Yes,F
Yes,F
Yes,F
Yes,F
Yes,F
Yes,F
Yes,F
Yes,F
Yes,F
Yes,F
Yes,F
Yes,F
Yes,F
Yes,F
Yes,F
Yes,F
Yes,F
Yes,F
Yes,F
Yes,F
Yes,F
Yes,F
Yes,F
Yes,F
Yes,F
Yes,F
Yes,F
Yes,F
Yes,F
Yes,F
Yes,F
Yes,F
Yes,F
Yes,F
Yes,F
Yes,F
Yes,F
Yes,F
Yes,F
Yes,F
Yes,F
Yes,F
Yes,F
Yes,F
Yes,F
Yes,F
Yes,F
Yes,F
Yes,F
Yes,F
Yes,F
Yes,F
Yes,F
Yes,F
Yes,F
Yes,F
Yes,F
Yes,F
Yes,F
Yes,F
Yes,F
Yes,F
Yes,F
Yes,F
Yes,F
Yes,F
Yes,F
Yes,F
Yes,F
Yes,F
Yes,F
Yes,F
Yes,F
Yes,F
Yes,F
Yes,F
Yes,F
Yes,F
Yes,F
Yes,F
Yes,F
Yes,F
Yes,F
Yes,F
Yes,F
Yes,F
Yes,F
Yes,F
Yes,F
Yes,F
Yes,F
Yes,F
Yes,F
Yes,F
Yes,F
Yes,F
Yes,F
Yes,F
Yes,F
Yes,F
Yes,F
Yes,F
Yes,F
Yes,F
Yes,F
Yes,F
Yes,F
Yes,F
Yes,F
Yes,F
Yes,F
Yes,F
Yes,F
Yes,F
Yes,F
Yes,F
Yes,F
Yes,F
Yes,F
Yes,F
Yes,F
Yes,F
Yes,F
Yes,F
Yes,F
Yes,F
Yes,F
Yes,F
Yes,F
Yes,F
Yes,F
Yes,F
Yes,F
Yes,F
Yes,F
Yes,F
Yes,F
Yes,F
Yes,F
Yes,F
Yes,F
Yes,F
Yes,F
Yes,F
Yes,F
Yes,F
Yes,F
Yes,F
Yes,F
Yes,F
Yes,F
Yes,F
Yes,F
Yes,F
Yes,F
Yes,F
Yes,F
Yes,F
Yes,F
Yes,F
Yes,F
Yes,F
Yes,F
Yes,F
Yes,F
Yes,F
Yes,F
Yes,F
Yes,F
Yes,F
Yes,F
Yes,F
Yes,F
Yes,F
Yes,F
Yes,F
Yes,F
Yes,F
Yes,F
Yes,F
Yes,F
Yes,F
Yes,F
Yes,F
Yes,F
Yes,F
Yes,F
Yes,F
Yes,F
Yes,F
Yes,F
Yes,F
Yes,F
Yes,F
Yes,F
Yes,F
Yes,F
Yes,F
Yes,F
Yes,F
Yes,F
Yes,F
Yes,F
Yes,F
Yes,F
Yes,F
Yes,F
Yes,F
Yes,F
Yes,F
Yes,F
Yes,F
Yes,F
Yes,F
Yes,F
Yes,F
Yes,F
Yes,F
Yes,F
Yes,F
Yes,F
Yes,F
Yes,F
Yes,F
Yes,F
Yes,F
Yes,F
Yes,F
Yes,F
Yes,F
Yes,F
Yes,F
Yes,F
Yes,F
Yes,F
Yes,F
Yes,F
Yes,F
Yes,F
Yes,F
Yes,F
Yes,F
Yes,F
Yes,F
Yes,F
Yes,F
Yes,F
Yes,F
Yes,F
Yes,F
Yes,F
Yes,F
Yes,F
Yes,F
Yes,F
Yes,F
Yes,F
Yes,F
Yes,F
Yes,F
Yes,F
Yes,F
Yes,F
Yes,F
Yes,F
Yes,F
Yes,F
Yes,F
Yes,F
Yes,F
Yes,F
Yes,F
Yes,F
Yes,F
Yes,F
Yes,F
Yes,F
Yes,F
Yes,F
Yes,F
Yes,F
Yes,F
Yes,F
Yes,F
Yes,F
Yes,F
Yes,F
Yes,F
Yes,F
Yes,F
Yes,F
Yes,F
Yes,F
Yes,F
Yes,F
Yes,F
Yes,F
Yes,F
Yes,F
Yes,F
Yes,F
Yes,F
Yes,F
Yes,F
Yes,F
Yes,F
Yes,F
Yes,F
Yes,F
Yes,F
Yes,F
Yes,F
Yes,F
Yes,F
Yes,F
Yes,F
Yes,F
Yes,F
Yes,F
Yes,F
Yes,F
Yes,F
Yes,F
Yes,F
Yes,F
Yes,F
Yes,F
Yes,F
Yes,F
Yes,F
Yes,F
Yes,F
Yes,F
Yes,F
Yes,F
Yes,F
Yes,F
Yes,F
Yes,F
Yes,F
Yes,F
Yes,F
Yes,F
Yes,F
Yes,F
Yes,F
Yes,F
Yes,F
Yes,F
Yes,F
Yes,F
Yes,F
Yes,F
Yes,F
Yes,F
Yes,F
Yes,F
Yes,F
Yes,F
Yes,F
Yes,F
Yes,F
Yes,F
Yes,F
Yes,F
Yes,F
Yes,F
Yes,F
Yes,F
Yes,F
Yes,F
Yes,F
Yes,F
Yes,F
Yes,F
Yes,F
Yes,F
Yes,F
Yes,F
Yes,F
Yes,F
Yes,F
Yes,F
Yes,F
Yes,F
Yes,F
Yes,F
Yes,F
Yes,F
Yes,F
Yes,F
Yes,F
Yes,F
Yes,F
Yes,F
Yes,F
Yes,F
Yes,F
Yes,F
Yes,F
Yes,F
Yes,F
Yes,F
Yes,F
Yes,F
Yes,F
Yes,F
Yes,F
Yes,F
Yes,F
Yes,F
Yes,F
Yes,F
Yes,F
Yes,F
Yes,F
Yes,F
Yes,F
Yes,F
Yes,F
Yes,F
Yes,F
Yes,F
Yes,F
Yes,F
Yes,F
Yes,F
Yes,F
Yes,F
Yes,F
Yes,F
Yes,F
Yes,F
Yes,F
Yes,F
Yes,F
Yes,F
Yes,F
Yes,F
Yes,F
Yes,F
Yes,F
Yes,F
Yes,F
Yes,F
Yes,F
Yes,F
Yes,F
Yes,F
Yes,F
Yes,F
Yes,F
Yes,F
Yes,F
Yes,F
Yes,F
Yes,F
Yes,F
Yes,F
Yes,F
Yes,F
Yes,F
Yes,F
Yes,F
Yes,F
Yes,F
Yes,F
Yes,F
Yes,F
Yes,F
Yes,F
Yes,F
Yes,F
Yes,F
Yes,F
Yes,F
Yes,F
Yes,F
Yes,F
Yes,F
Yes,F
Yes,F
Yes,F
Yes,F
Yes,F
Yes,F
Yes,F
Yes,F
Yes,F
Yes,F
Yes,F
Yes,F
Yes,F
Yes,F
Yes,F
Yes,F
Yes,F
Yes,F
Yes,F
Yes,F
Yes,F
Yes,F
Yes,F
Yes,F
Yes,F
Yes,F
Yes,F
Yes,F
Yes,F
Yes,F
Yes,F
Yes,F
Yes,F
Yes,F
Yes,F
Yes,F
Yes,F
Yes,F
Yes,F
Yes,F
Yes,F
Yes,F
Yes,F
Yes,F
Yes,F
Yes,F
Yes,F
Yes,F
Yes,F
Yes,F
Yes,F
Yes,F
Yes,F
Yes,F
Yes,F
Yes,F
Yes,F
Yes,F
Yes,F
Yes,F
Yes,F
Yes,F
Yes,F
Yes,F
Yes,F
Yes,F
Yes,F
Yes,F
Yes,F
Yes,F
Yes,F
Yes,F
Yes,F
Yes,F
Yes,F
Yes,F
Yes,F
Yes,F
Yes,F
Yes,F
Yes,F
Yes,F
Yes,F
Yes,F
Yes,F
Yes,F
Yes,F
Yes,F
Yes,F
Yes,F
Yes,F
Yes,F
Yes,F
Yes,F
Yes,F
Yes,F
Yes,F
Yes,F
Yes,F
Yes,F
Yes,F
Yes,F
Yes,F
Yes,F
Yes,F
Yes,F
Yes,F
Yes,F
Yes,F
Yes,F
Yes,F
Yes,F
Yes,F
Yes,F
Yes,F
Yes,F
Yes,F
Yes,F
Yes,F
Yes,F
Yes,F
Yes,F
Yes,F
Yes,F
Yes,F
Yes,F
Yes,F
Yes,F
Yes,F
Yes,F
Yes,F
Yes,F
Yes,F
Yes,F
Yes,F
Yes,F
Yes,F
Yes,F
Yes,F
Yes,F
Yes,F
Yes,F
Yes,F
Yes,F
Yes,F
Yes,F
Yes,F
Yes,F
Yes,F
Yes,F
Yes,F
Yes,F
Yes,F
Yes,F
Yes,F
Yes,F
Yes,F
Yes,F
Yes,F
Yes,F
Yes,F
Yes,F
Yes,F
Yes,F
Yes,F
Yes,F
Yes,F
Yes,F
Yes,F
Yes,F
Yes,F
Yes,F
Yes,F
Yes,F
Yes,F
Yes,F
Yes,F
Yes,F
Yes,F
Yes,F
Yes,F
Yes,F
Yes,F
Yes,F
Yes,F
Yes,F
Yes,F
Yes,F
Yes,F
Yes,F
Yes,F
Yes,F
Yes,F
Yes,F
Yes,F
Yes,F
Yes,F
Yes,F
Yes,F
Yes,F
Yes,F
Yes,F
Yes,F
Yes,F
Yes,F
Yes,F
Yes,F
Yes,F
Yes,F
Yes,F
Yes,F
Yes,F
Yes,F
Yes,F
Yes,F
Yes,F
Yes,F
Yes,F
Yes,F
Yes,F
Yes,F
Yes,F
Yes,F
Yes,F
Yes,F
Yes,F
Yes,F
Yes,F
Yes,F
Yes,F
Yes,F
Yes,F
Yes,F
Yes,F
Yes,F
Yes,F
Yes,F
Yes,F
Yes,F
Yes,F
Yes,F
Yes,F
Yes,F
Yes,F
Yes,F
Yes,F
Yes,F
Yes,F
Yes,F
Yes,F
Yes,F
Yes,F
Yes,F
Yes,F
Yes,F
Yes,F
Yes,F
Yes,F
Yes,F
Yes,F
Yes,F
Yes,F
Yes,F
Yes,F
Yes,F
Yes,F
Yes,F
Yes,F
Yes,F
Yes,F
Yes,F
Yes,F
Yes,F
Yes,F
Yes,F
Yes,F
Yes,F
Yes,F
Yes,F
Yes,F
Yes,F
Yes,F
Yes,F
Yes,F
Yes,F
Yes,F
Yes,F
Yes,F
Yes,F
Yes,F
Yes,F
Yes,F
Yes,F
Yes,F
No,M
No,M
No,M
No,M
No,M
No,M
No,M
No,M
No,M
No,M
No,M
No,M
No,M
No,M
No,M
No,M
No,M
No,M
No,M
No,M
No,M
No,M
No,M
No,M
No,M
No,M
No,M
No,M
No,M
No,M
No,M
No,M
No,M
No,M
No,M
No,M
No,M
No,M
No,M
No,M
No,M
No,M
No,M
No,M
No,M
No,M
No,M
No,M
No,M
No,M
No,M
No,M
No,M
No,M
No,M
No,M
No,M
No,M
No,M
No,M
No,M
No,M
No,M
No,M
No,M
No,M
No,M
No,M
No,M
No,M
No,M
No,M
No,M
No,M
No,M
No,M
No,M
No,M
No,M
No,M
No,M
No,M
No,M
No,M
No,M
No,M
No,M
No,M
No,M
No,M
No,M
No,M
No,M
No,M
No,M
No,M
No,M
No,M
No,M
No,M
No,M
No,M
No,M
No,M
No,M
No,M
No,M
No,M
No,M
No,M
No,M
No,M
No,M
No,M
No,M
No,M
No,M
No,M
No,M
No,M
No,M
No,M
No,M
No,M
No,M
No,M
No,M
No,M
No,M
No,M
No,M
No,M
No,M
No,M
No,M
No,M
No,M
No,M
No,M
No,M
No,M
No,M
No,M
No,M
No,M
No,M
No,M
No,M
No,M
No,M
No,M
No,M
No,M
No,M
No,M
No,M
No,M
No,M
No,M
No,M
No,M
No,M
No,M
No,M
No,M
No,M
No,M
No,M
No,M
No,M
No,M
No,M
No,M
No,M
No,M
No,M
No,M
No,M
No,M
No,M
No,M
No,M
No,M
No,M
No,M
No,M
No,M
No,M
No,M
No,M
No,M
No,M
No,M
No,M
No,M
No,M
No,M
No,M
No,M
No,M
No,M
No,M
No,M
No,M
No,M
No,M
No,M
No,M
No,M
No,M
No,M
No,M
No,M
No,M
No,M
No,M
No,M
No,M
No,M
No,M
No,M
No,M
No,M
No,M
No,M
No,M
No,M
No,M
No,M
No,M
No,M
No,M
No,M
No,M
No,M
No,M
No,M
No,M
No,M
No,M
No,M
No,M
No,M
No,M
No,M
No,M
No,M
No,M
No,M
No,M
No,M
No,M
No,M
No,M
No,M
No,M
No,M
No,M
No,M
No,M
No,M
No,M
No,M
No,M
No,M
No,M
No,M
No,M
No,M
No,M
No,M
No,M
No,M
No,M
No,M
No,M
No,M
No,M
No,M
No,M
No,M
No,M
No,M
No,M
No,M
No,M
No,M
No,M
No,M
No,M
No,M
No,M
No,M
No,M
No,M
No,M
No,M
No,M
No,M
No,M
No,M
No,M
No,M
No,M
No,M
No,M
No,M
No,M
No,M
No,M
No,M
No,M
No,M
No,M
No,M
No,M
No,M
No,M
No,M
No,M
No,M
No,M
No,M
No,M
No,M
No,M
No,M
No,M
No,M
No,M
No,M
No,M
No,M
No,M
No,M
No,M
No,M
No,M
No,M
No,M
No,M
No,M
No,M
No,M
No,M
No,M
No,M
No,M
No,M
No,M
No,M
No,M
No,M
No,M
No,M
No,M
No,M
No,M
No,M
No,M
No,M
No,M
No,M
No,M
No,M
No,M
No,M
No,M
No,M
No,M
No,M
No,M
No,M
No,M
No,M
No,M
No,M
No,M
No,M
No,M
No,M
No,M
No,M
No,M
No,M
No,M
No,M
No,M
No,M
No,M
No,M
No,M
No,M
No,M
No,M
No,M
No,M
No,M
No,M
No,M
No,M
No,M
No,M
No,M
No,M
No,M
No,M
No,M
No,M
No,M
No,M
No,M
No,M
No,M
No,M
No,M
No,M
No,M
No,M
No,M
No,M
No,M
No,M
No,M
No,M
No,M
No,M
No,M
No,M
No,M
No,M
No,M
No,M
No,M
No,M
No,M
No,M
No,M
No,M
No,M
No,M
No,M
No,M
No,M
No,M
No,M
No,M
No,M
No,M
No,M
No,M
No,M
No,M
No,M
No,M
No,M
No,M
No,M
No,M
No,M
No,M
No,M
No,M
No,M
No,M
No,M
No,M
No,M
No,M
No,M
No,M
No,M
No,M
No,M
No,M
No,M
No,M
No,M
No,M
No,M
No,M
No,M
No,M
No,M
No,M
No,M
No,M
No,M
No,M
No,M
No,M
No,M
No,M
No,M
No,M
No,M
No,M
No,M
No,M
No,M
No,M
No,M
No,M
No,M
No,M
No,M
No,M
No,M
No,M
No,M
No,M
No,M
No,M
No,M
No,M
No,M
No,M
No,M
No,M
No,M
No,M
No,M
No,M
No,M
No,M
No,M
No,M
No,M
No,M
No,M
No,M
No,M
No,M
No,M
No,M
No,M
No,M
No,M
No,M
No,M
No,M
No,M
No,M
No,M
No,M
No,M
No,M
No,M
No,M
No,M
No,M
No,M
No,M
No,M
No,M
No,M
No,M
No,M
No,M
No,M
No,M
No,M
No,M
No,M
No,M
No,M
No,M
No,M
No,M
No,M
No,M
No,M
No,M
No,M
No,M
No,M
No,M
No,M
No,M
No,M
No,M
No,M
No,M
No,M
No,M
No,M
No,M
No,M
No,M
No,M
No,M
No,M
No,M
No,M
No,M
No,M
No,M
No,M
No,M
No,M
No,M
No,M
No,M
No,M
No,M
No,M
No,M
No,M
No,M
No,M
No,M
No,M
No,M
No,M
No,M
No,M
No,M
No,M
No,M
No,M
No,M
No,M
No,M
No,M
No,M
No,M
No,M
No,M
No,M
No,M
No,M
No,M
No,M
No,M
No,M
No,M
No,M
No,M
No,M
No,M
No,M
No,M
No,M
No,M
No,M
No,M
No,M
No,M
No,M
No,M
No,M
No,M
No,M
No,M
No,M
No,M
No,M
No,M
No,M
No,M
No,M
No,M
No,M
No,M
No,M
No,M
No,M
No,M
No,M
No,M
No,M
No,M
No,M
No,M
No,M
No,M
No,M
No,M
No,M
No,M
No,M
No,M
No,M
No,M
No,M
No,M
No,M
No,M
No,M
No,M
No,M
No,M
No,M
No,M
No,M
No,M
No,M
No,M
No,M
No,M
No,M
No,M
No,M
No,M
No,M
No,M
No,M
No,M
No,M
No,M
No,M
No,M
No,M
No,M
No,M
No,M
No,M
No,M
No,M
No,M
No,M
No,M
No,M
No,M
No,M
No,M
No,M
No,M
No,M
No,M
No,M
No,M
No,M
No,M
No,M
No,M
No,M
No,M
No,M
No,M
No,M
No,M
No,M
No,M
No,M
No,M
No,M
No,M
No,M
No,M
No,M
No,M
No,M
No,M
No,M
No,M
No,M
No,M
No,M
No,M
No,M
No,M
No,M
No,M
No,M
No,M
No,M
No,M
No,M
No,M
No,M
No,M
No,M
No,M
No,M
No,M
No,M
No,M
No,M
No,M
No,M
No,M
No,M
No,M
No,M
No,M
No,M
No,M
No,M
No,M
No,M
No,M
No,M
No,M
No,M
No,M
No,M
No,M
No,M
No,M
No,F
No,F
No,F
No,F
No,F
No,F
No,F
No,F
No,F
No,F
No,F
No,F
No,F
No,F
No,F
No,F
No,F
No,F
No,F
No,F
No,F
No,F
No,F
No,F
No,F
No,F
No,F
No,F
No,F
No,F
No,F
No,F
No,F
No,F
No,F
No,F
No,F
No,F
No,F
No,F
No,F
No,F
No,F
No,F
No,F
No,F
No,F
No,F
No,F
No,F
No,F
No,F
No,F
No,F
No,F
No,F
No,F
No,F
No,F
No,F
No,F
No,F
No,F
No,F
No,F
No,F
No,F
No,F
No,F
No,F
No,F
No,F
No,F
No,F
No,F
No,F
No,F
No,F
No,F
No,F
No,F
No,F
No,F
No,F
No,F
No,F
No,F
No,F
No,F
No,F
No,F
No,F
No,F
No,F
No,F
No,F
No,F
No,F
No,F
No,F
No,F
No,F
No,F
No,F
No,F
No,F
No,F
No,F
No,F
No,F
No,F
No,F
No,F
No,F
No,F
No,F
No,F
No,F
No,F
No,F
No,F
No,F
No,F
No,F
No,F
No,F
No,F
No,F
No,F
No,F
No,F
No,F
No,F
No,F
No,F
No,F
No,F
No,F
No,F
No,F
No,F
No,F
No,F
No,F
No,F
No,F
No,F
No,F
No,F
No,F
No,F
No,F
No,F
No,F
No,F
No,F
No,F
No,F
No,F
No,F
No,F
No,F
No,F
No,F
No,F
No,F
No,F
No,F
No,F
No,F
No,F
No,F
No,F
No,F
No,F
No,F
No,F
No,F
No,F
No,F
No,F
No,F
No,F
No,F
No,F
No,F
No,F
No,F
No,F
No,F
No,F
No,F
No,F
No,F
No,F
No,F
No,F
No,F
No,F
No,F
